{
  "timestamp": "2026-02-15T14:10:44.761905+00:00",
  "dataset_size": 200000,
  "backend": "official_mongodb",
  "connection_strategy": "persistent",
  "workers": 15,
  "results": {
    "create_avg": 0.00047321698656014634,
    "read_get": {
      "avg": 0.3059491709910799,
      "p95": 0.36228580004535615,
      "median": 0.3073442000313662,
      "min": 0.20728999993298203,
      "max": 0.3660570998908952,
      "stdev": 0.03114228182852857,
      "throughput": 3.268516782577442,
      "total_ops": 100
    },
    "read_filter": {
      "avg": 0.3013965290051419,
      "p95": 0.352694800007157,
      "median": 0.3041343499789946,
      "min": 0.17640610004309565,
      "max": 0.3814520000014454,
      "stdev": 0.03518264338406048,
      "throughput": 3.317888242777141,
      "total_ops": 100
    },
    "read_by_slug": {
      "avg": 0.3240265999955591,
      "p95": 0.3793264999985695,
      "median": 0.32638614997267723,
      "min": 0.19341130007524043,
      "max": 0.45435730007011443,
      "stdev": 0.03901994722952725,
      "throughput": 3.0861663826787846,
      "total_ops": 100
    },
    "read_by_status": {
      "avg": 0.30409623199724595,
      "p95": 0.34242680005263537,
      "median": 0.3074096500640735,
      "min": 0.20996309991460294,
      "max": 0.43334150000009686,
      "stdev": 0.03310307578155081,
      "throughput": 3.2884327222083325,
      "total_ops": 100
    },
    "read_by_metadata_version": {
      "avg": 1.804760064993752,
      "p95": 1.9374974999809638,
      "median": 1.8231770999846049,
      "min": 1.1678221999900416,
      "max": 2.0046474999981,
      "stdev": 0.13474556611136485,
      "throughput": 0.5540902746002759,
      "total_ops": 100
    },
    "update_composite": {
      "avg": 0.773632579005789,
      "p95": 0.8593348000431433,
      "median": 0.7858679999480955,
      "min": 0.45014159998390824,
      "max": 0.8868325999937952,
      "stdev": 0.06805663200836708,
      "throughput": 1.292603268188525,
      "total_ops": 100
    },
    "update_direct": {
      "avg": 0.4738888010010123,
      "p95": 0.5345736999297515,
      "median": 0.47493935003876686,
      "min": 0.31538370007183403,
      "max": 0.6475957999937236,
      "stdev": 0.04174081605608391,
      "throughput": 2.110199687959842,
      "total_ops": 100
    },
    "bulk_update": {
      "avg": 0.49307915100362154,
      "p95": 0.6074078999226913,
      "median": 0.4876498999656178,
      "min": 0.3825584000442177,
      "max": 0.7186559999827296,
      "stdev": 0.0642410428937518,
      "throughput": 2.028071959571974,
      "total_ops": 100
    },
    "soft_delete": {
      "avg": 0.4659928829956334,
      "p95": 0.5219506000867113,
      "median": 0.4723602500744164,
      "min": 0.313893000013195,
      "max": 0.5331854000687599,
      "stdev": 0.04038351021377382,
      "throughput": 2.145955520975994,
      "total_ops": 100
    },
    "hard_delete": {
      "avg": 0.4104498240048997,
      "p95": 0.4613077000249177,
      "median": 0.41416615003254265,
      "min": 0.31210720003582537,
      "max": 0.47208970005158335,
      "stdev": 0.0326012545303568,
      "throughput": 2.4363513918526194,
      "total_ops": 100
    }
  }
}