{
  "timestamp": "2026-02-15T14:09:22.060886+00:00",
  "dataset_size": 140000,
  "backend": "official_mongodb",
  "connection_strategy": "persistent",
  "workers": 15,
  "results": {
    "create_avg": 0.0004609192786863007,
    "read_get": {
      "avg": 0.19849159799865446,
      "p95": 0.22935559996403754,
      "median": 0.19927654997445643,
      "min": 0.15077609999570996,
      "max": 0.24737940006889403,
      "stdev": 0.020529596817347718,
      "throughput": 5.037996620928906,
      "total_ops": 100
    },
    "read_filter": {
      "avg": 0.19346027600113302,
      "p95": 0.23075759992934763,
      "median": 0.19380745000671595,
      "min": 0.13664659997448325,
      "max": 0.2596775999991223,
      "stdev": 0.02635426911455804,
      "throughput": 5.169019814662848,
      "total_ops": 100
    },
    "read_by_slug": {
      "avg": 0.20596768000163138,
      "p95": 0.2389074000529945,
      "median": 0.21127105003688484,
      "min": 0.13883770001120865,
      "max": 0.2529326999792829,
      "stdev": 0.02468101470031016,
      "throughput": 4.855130669006319,
      "total_ops": 100
    },
    "read_by_status": {
      "avg": 0.2031534119974822,
      "p95": 0.24039110005833209,
      "median": 0.20502915000542998,
      "min": 0.141094799968414,
      "max": 0.26127539994195104,
      "stdev": 0.02346818351208535,
      "throughput": 4.922388406710066,
      "total_ops": 100
    },
    "read_by_metadata_version": {
      "avg": 1.2482652860006782,
      "p95": 1.3689144001109526,
      "median": 1.2600127999903634,
      "min": 0.7537268999731168,
      "max": 1.5202500999439508,
      "stdev": 0.11080495433494249,
      "throughput": 0.8011117598278357,
      "total_ops": 100
    },
    "update_composite": {
      "avg": 0.5166545639897231,
      "p95": 0.5680970000103116,
      "median": 0.5223826500005089,
      "min": 0.327751399949193,
      "max": 0.6121848999755457,
      "stdev": 0.0441897691548554,
      "throughput": 1.9355292098414352,
      "total_ops": 100
    },
    "update_direct": {
      "avg": 0.304853883999167,
      "p95": 0.36251189990434796,
      "median": 0.308253750030417,
      "min": 0.22643639997113496,
      "max": 0.39665060001425445,
      "stdev": 0.03441336363938441,
      "throughput": 3.2802599949906903,
      "total_ops": 100
    },
    "bulk_update": {
      "avg": 0.3386838929995429,
      "p95": 0.46202539990190417,
      "median": 0.3414076999761164,
      "min": 0.2161049999995157,
      "max": 0.49070959992241114,
      "stdev": 0.06141377332913836,
      "throughput": 2.9526057207608325,
      "total_ops": 100
    },
    "soft_delete": {
      "avg": 0.31390702500008044,
      "p95": 0.3743704999797046,
      "median": 0.3178904000087641,
      "min": 0.223961399984546,
      "max": 0.3996023000217974,
      "stdev": 0.03671904047418178,
      "throughput": 3.1856566446696872,
      "total_ops": 100
    }
  }
}