{
  "mongocon_benchmark_results": {
    "checkpoint_1": {
      "timestamp": "2026-02-15T14:07:12.674994+00:00",
      "dataset_size": 1,
      "backend": "official_mongodb",
      "connection_strategy": "persistent",
      "workers": 15,
      "results": {
        "create_avg": 0.0017969999462366104,
        "read_get": {
          "avg": 0.004054545999970287,
          "p95": 0.009827099973335862,
          "median": 0.0031697999802418053,
          "min": 0.0008957000682130456,
          "max": 0.022578599979169667,
          "stdev": 0.003101635891572882,
          "throughput": 246.6367381224256,
          "total_ops": 100
        },
        "read_filter": {
          "avg": 0.004851259997813031,
          "p95": 0.01206930004991591,
          "median": 0.0035950500168837607,
          "min": 0.0008905000286176801,
          "max": 0.015277700033038855,
          "stdev": 0.003232339378476563,
          "throughput": 206.13201528073208,
          "total_ops": 100
        },
        "read_by_slug": {
          "avg": 0.009264106987975538,
          "p95": 0.021470299921929836,
          "median": 0.008296800020616502,
          "min": 0.0016872999258339405,
          "max": 0.028070200001820922,
          "stdev": 0.005340295396331289,
          "throughput": 107.94348568059095,
          "total_ops": 100
        },
        "read_by_status": {
          "avg": 0.004798153000883758,
          "p95": 0.01155189995188266,
          "median": 0.003816800017375499,
          "min": 0.000991299981251359,
          "max": 0.01697320002131164,
          "stdev": 0.003273444675045304,
          "throughput": 208.4135290841732,
          "total_ops": 100
        },
        "read_by_metadata_version": {
          "avg": 0.0048518519976641986,
          "p95": 0.0109655000269413,
          "median": 0.003959149995353073,
          "min": 0.000876300036907196,
          "max": 0.020505100023001432,
          "stdev": 0.003574819011277269,
          "throughput": 206.10686403489322,
          "total_ops": 100
        },
        "update_composite": {
          "avg": 0.008247456992976368,
          "p95": 0.01539089996367693,
          "median": 0.0070267500123009086,
          "min": 0.0021768000442534685,
          "max": 0.021457000053487718,
          "stdev": 0.003961636739557405,
          "throughput": 121.24949555379457,
          "total_ops": 100
        },
        "update_direct": {
          "avg": 0.0024041929957456885,
          "p95": 0.006626899936236441,
          "median": 0.0016981499502435327,
          "min": 0.000416700029745698,
          "max": 0.00825539999641478,
          "stdev": 0.0017944039600172703,
          "throughput": 415.93998558748746,
          "total_ops": 100
        },
        "bulk_update": {
          "avg": 0.0027015910018235445,
          "p95": 0.007493900018744171,
          "median": 0.00234185007866472,
          "min": 0.0005619999719783664,
          "max": 0.009433900006115437,
          "stdev": 0.0018381026017984625,
          "throughput": 370.1522544770881,
          "total_ops": 100
        },
        "soft_delete": {
          "avg": 0.002474951996700838,
          "p95": 0.005910299951210618,
          "median": 0.002055249991826713,
          "min": 0.00041750003583729267,
          "max": 0.009664100012741983,
          "stdev": 0.001629770028894099,
          "throughput": 404.0482406660899,
          "total_ops": 100
        }
      }
    },
    "checkpoint_40000": {
      "timestamp": "2026-02-15T14:07:37.447484+00:00",
      "dataset_size": 40000,
      "backend": "official_mongodb",
      "connection_strategy": "persistent",
      "workers": 15,
      "results": {
        "create_avg": 0.00041032535069680304,
        "read_get": {
          "avg": 0.03432483400101773,
          "p95": 0.04438330000266433,
          "median": 0.03653284994652495,
          "min": 0.015602299943566322,
          "max": 0.04764120001345873,
          "stdev": 0.00797768556229876,
          "throughput": 29.133425669891075,
          "total_ops": 100
        },
        "read_filter": {
          "avg": 0.03554919399321079,
          "p95": 0.044616500032134354,
          "median": 0.03807304997462779,
          "min": 0.019936099997721612,
          "max": 0.052099599968641996,
          "stdev": 0.008239666687633172,
          "throughput": 28.130032995712384,
          "total_ops": 100
        },
        "read_by_slug": {
          "avg": 0.038881438001990315,
          "p95": 0.047930800006724894,
          "median": 0.0403280999744311,
          "min": 0.024300599936395884,
          "max": 0.05052739998791367,
          "stdev": 0.007012178345804977,
          "throughput": 25.719213367283654,
          "total_ops": 100
        },
        "read_by_status": {
          "avg": 0.035851218001917005,
          "p95": 0.04904579999856651,
          "median": 0.03665840002940968,
          "min": 0.018998799961991608,
          "max": 0.05758150003384799,
          "stdev": 0.007500050948790042,
          "throughput": 27.893055124278593,
          "total_ops": 100
        },
        "read_by_metadata_version": {
          "avg": 0.32100337599636986,
          "p95": 0.3890508000040427,
          "median": 0.3255922499811277,
          "min": 0.20373860001564026,
          "max": 0.4522362999850884,
          "stdev": 0.04069046492420848,
          "throughput": 3.1152320342304085,
          "total_ops": 100
        },
        "update_composite": {
          "avg": 0.09309177699615248,
          "p95": 0.11990009993314743,
          "median": 0.093536350002978,
          "min": 0.049662800040096045,
          "max": 0.12686769990250468,
          "stdev": 0.01685182418325413,
          "throughput": 10.742087349362022,
          "total_ops": 100
        },
        "update_direct": {
          "avg": 0.05535267599625513,
          "p95": 0.08085380005650222,
          "median": 0.056502450024709105,
          "min": 0.02407620009034872,
          "max": 0.10825559997465461,
          "stdev": 0.017122661779765198,
          "throughput": 18.065973902827295,
          "total_ops": 100
        },
        "bulk_update": {
          "avg": 0.08171035398961976,
          "p95": 0.13598679995629936,
          "median": 0.07658235001144931,
          "min": 0.033637700020335615,
          "max": 0.14835259993560612,
          "stdev": 0.027363473106657196,
          "throughput": 12.23835109228675,
          "total_ops": 100
        },
        "soft_delete": {
          "avg": 0.06714584800647572,
          "p95": 0.0986778000369668,
          "median": 0.0692461000289768,
          "min": 0.026958700036630034,
          "max": 0.11552290001418442,
          "stdev": 0.019336924406330062,
          "throughput": 14.892953617974374,
          "total_ops": 100
        }
      }
    },
    "checkpoint_100000": {
      "timestamp": "2026-02-15T14:08:29.738112+00:00",
      "dataset_size": 100000,
      "backend": "official_mongodb",
      "connection_strategy": "persistent",
      "workers": 15,
      "results": {
        "create_avg": 0.00045375219113426285,
        "read_get": {
          "avg": 0.12373505500261672,
          "p95": 0.15548020007554442,
          "median": 0.12266004999401048,
          "min": 0.07960439997259527,
          "max": 0.18820620002225041,
          "stdev": 0.020086942438557468,
          "throughput": 8.081784098926954,
          "total_ops": 100
        },
        "read_filter": {
          "avg": 0.1301747139869258,
          "p95": 0.16248820000328124,
          "median": 0.13033809995977208,
          "min": 0.075747299939394,
          "max": 0.19498050003312528,
          "stdev": 0.021179416464371152,
          "throughput": 7.681983461860619,
          "total_ops": 100
        },
        "read_by_slug": {
          "avg": 0.13421846400480716,
          "p95": 0.16071430000010878,
          "median": 0.13509695004904643,
          "min": 0.0820049000903964,