{
  "timestamp": "2026-02-15T14:07:37.447484+00:00",
  "dataset_size": 40000,
  "backend": "official_mongodb",
  "connection_strategy": "persistent",
  "workers": 15,
  "results": {
    "create_avg": 0.00041032535069680304,
    "read_get": {
      "avg": 0.03432483400101773,
      "p95": 0.04438330000266433,
      "median": 0.03653284994652495,
      "min": 0.015602299943566322,
      "max": 0.04764120001345873,
      "stdev": 0.00797768556229876,
      "throughput": 29.133425669891075,
      "total_ops": 100
    },
    "read_filter": {
      "avg": 0.03554919399321079,
      "p95": 0.044616500032134354,
      "median": 0.03807304997462779,
      "min": 0.019936099997721612,
      "max": 0.052099599968641996,
      "stdev": 0.008239666687633172,
      "throughput": 28.130032995712384,
      "total_ops": 100
    },
    "read_by_slug": {
      "avg": 0.038881438001990315,
      "p95": 0.047930800006724894,
      "median": 0.0403280999744311,
      "min": 0.024300599936395884,
      "max": 0.05052739998791367,
      "stdev": 0.007012178345804977,
      "throughput": 25.719213367283654,
      "total_ops": 100
    },
    "read_by_status": {
      "avg": 0.035851218001917005,
      "p95": 0.04904579999856651,
      "median": 0.03665840002940968,
      "min": 0.018998799961991608,
      "max": 0.05758150003384799,
      "stdev": 0.007500050948790042,
      "throughput": 27.893055124278593,
      "total_ops": 100
    },
    "read_by_metadata_version": {
      "avg": 0.32100337599636986,
      "p95": 0.3890508000040427,
      "median": 0.3255922499811277,
      "min": 0.20373860001564026,
      "max": 0.4522362999850884,
      "stdev": 0.04069046492420848,
      "throughput": 3.1152320342304085,
      "total_ops": 100
    },
    "update_composite": {
      "avg": 0.09309177699615248,
      "p95": 0.11990009993314743,
      "median": 0.093536350002978,
      "min": 0.049662800040096045,
      "max": 0.12686769990250468,
      "stdev": 0.01685182418325413,
      "throughput": 10.742087349362022,
      "total_ops": 100
    },
    "update_direct": {
      "avg": 0.05535267599625513,
      "p95": 0.08085380005650222,
      "median": 0.056502450024709105,
      "min": 0.02407620009034872,
      "max": 0.10825559997465461,
      "stdev": 0.017122661779765198,
      "throughput": 18.065973902827295,
      "total_ops": 100
    },
    "bulk_update": {
      "avg": 0.08171035398961976,
      "p95": 0.13598679995629936,
      "median": 0.07658235001144931,
      "min": 0.033637700020335615,
      "max": 0.14835259993560612,
      "stdev": 0.027363473106657196,
      "throughput": 12.23835109228675,
      "total_ops": 100
    },
    "soft_delete": {
      "avg": 0.06714584800647572,
      "p95": 0.0986778000369668,
      "median": 0.0692461000289768,
      "min": 0.026958700036630034,
      "max": 0.11552290001418442,
      "stdev": 0.019336924406330062,
      "throughput": 14.892953617974374,
      "total_ops": 100
    }
  }
}