{
  "timestamp": "2026-02-15T14:08:29.738112+00:00",
  "dataset_size": 100000,
  "backend": "official_mongodb",
  "connection_strategy": "persistent",
  "workers": 15,
  "results": {
    "create_avg": 0.00045375219113426285,
    "read_get": {
      "avg": 0.12373505500261672,
      "p95": 0.15548020007554442,
      "median": 0.12266004999401048,
      "min": 0.07960439997259527,
      "max": 0.18820620002225041,
      "stdev": 0.020086942438557468,
      "throughput": 8.081784098926954,
      "total_ops": 100
    },
    "read_filter": {
      "avg": 0.1301747139869258,
      "p95": 0.16248820000328124,
      "median": 0.13033809995977208,
      "min": 0.075747299939394,
      "max": 0.19498050003312528,
      "stdev": 0.021179416464371152,
      "throughput": 7.681983461860619,
      "total_ops": 100
    },
    "read_by_slug": {
      "avg": 0.13421846400480716,
      "p95": 0.16071430000010878,
      "median": 0.13509695004904643,
      "min": 0.0820049000903964,
      "max": 0.18405769998207688,
      "stdev": 0.019008867896818354,
      "throughput": 7.450539740673712,
      "total_ops": 100
    },
    "read_by_status": {
      "avg": 0.13689328699372708,
      "p95": 0.17601699999067932,
      "median": 0.1365873499889858,
      "min": 0.09073880000505596,
      "max": 0.1967165000969544,
      "stdev": 0.02050494502048982,
      "throughput": 7.304960104039458,
      "total_ops": 100
    },
    "read_by_metadata_version": {
      "avg": 0.873939424995333,
      "p95": 0.9293583000544459,
      "median": 0.8864233999629505,
      "min": 0.5471594999544322,
      "max": 0.9433222999796271,
      "stdev": 0.07031423839894403,
      "throughput": 1.144244064747783,
      "total_ops": 100
    },
    "update_composite": {
      "avg": 0.33884116100147366,
      "p95": 0.40133709996007383,
      "median": 0.34511710004881024,
      "min": 0.22952009993605316,
      "max": 0.42639190005138516,
      "stdev": 0.03776650861406984,
      "throughput": 2.9512353134560616,
      "total_ops": 100
    },
    "update_direct": {
      "avg": 0.21670852700597606,
      "p95": 0.2740989999147132,
      "median": 0.21856349997688085,
      "min": 0.12580409995280206,
      "max": 0.31053769995924085,
      "stdev": 0.030989634813962275,
      "throughput": 4.614493088093499,
      "total_ops": 100
    },
    "bulk_update": {
      "avg": 0.2361247009958606,
      "p95": 0.31672380003146827,
      "median": 0.23336194996954873,
      "min": 0.15317499998491257,
      "max": 0.3465204000240192,
      "stdev": 0.04392369022769101,
      "throughput": 4.235050360180363,
      "total_ops": 100
    },
    "soft_delete": {
      "avg": 0.2141812430031132,
      "p95": 0.2582692999858409,
      "median": 0.21312930004205555,
      "min": 0.14341930008959025,
      "max": 0.2819154999451712,
      "stdev": 0.025781362375657525,
      "throughput": 4.668942928795425,
      "total_ops": 100
    }
  }
}