{
  "timestamp": "2026-02-16T12:30:17.928309+00:00",
  "dataset_size": 1,
  "backend": "official_mongodb",
  "connection_strategy": "persistent",
  "workers": 15,
  "results": {
    "create_avg": 0.0014022999675944448,
    "read_get": {
      "avg": 0.005007991994498298,
      "p95": 0.014951299992389977,
      "median": 0.0035450499854050577,
      "min": 0.0010136000346392393,
      "max": 0.027721900027245283,
      "stdev": 0.004536226573859234,
      "throughput": 199.68083038043682,
      "total_ops": 100
    },
    "read_filter": {
      "avg": 0.005891048990888521,
      "p95": 0.01663540001027286,
      "median": 0.004440349992364645,
      "min": 0.0011392999440431595,
      "max": 0.01844030001666397,
      "stdev": 0.004122121105743919,
      "throughput": 169.7490551422446,
      "total_ops": 100
    },
    "read_by_slug": {
      "avg": 0.011266384992050007,
      "p95": 0.021704599959775805,
      "median": 0.010419099999126047,
      "min": 0.0029293999541550875,
      "max": 0.02928969997446984,
      "stdev": 0.005552332568318373,
      "throughput": 88.75961550272233,
      "total_ops": 100
    },
    "read_by_status": {
      "avg": 0.004998212001519278,
      "p95": 0.01606210006866604,
      "median": 0.003698799991980195,
      "min": 0.0009867999469861388,
      "max": 0.02046250004786998,
      "stdev": 0.004133295383595597,
      "throughput": 200.0715455238865,
      "total_ops": 100
    },
    "read_by_metadata_version": {
      "avg": 0.008676272004377096,
      "p95": 0.01995709992479533,
      "median": 0.007545400003436953,
      "min": 0.0025999000063166022,
      "max": 0.02672199998050928,
      "stdev": 0.00493908648085386,
      "throughput": 115.25687524497958,
      "total_ops": 100
    },
    "update_composite": {
      "avg": 0.009425375000573695,
      "p95": 0.02392479998525232,
      "median": 0.007832999981474131,
      "min": 0.0020235999254509807,
      "max": 0.029883099952712655,
      "stdev": 0.00591270406017522,
      "throughput": 106.09657440039605,
      "total_ops": 100
    },
    "update_direct": {
      "avg": 0.0028145350085105746,
      "p95": 0.006842999951913953,
      "median": 0.0023129000328481197,
      "min": 0.0005661000031977892,
      "max": 0.008198000025004148,
      "stdev": 0.0017836212285417528,
      "throughput": 355.29847629402576,
      "total_ops": 100
    },
    "bulk_update": {
      "avg": 0.0032955370121635495,
      "p95": 0.009322399972006679,
      "median": 0.0023314000573009253,
      "min": 0.0006716999923810363,
      "max": 0.011521600070409477,
      "stdev": 0.0024989802691565066,
      "throughput": 303.44068244692266,
      "total_ops": 100
    },
    "soft_delete": {
      "avg": 0.003268111004726961,
      "p95": 0.0077677000081166625,
      "median": 0.002433299960102886,
      "min": 0.0006234000902622938,
      "max": 0.012601400027051568,
      "stdev": 0.0024234449357152495,
      "throughput": 305.9871585003112,
      "total_ops": 100
    }
  }
}