{
  "timestamp": "2026-02-15T13:59:32.499609+00:00",
  "dataset_size": 200000,
  "backend": "djongo",
  "connection_strategy": "persistent",
  "workers": 15,
  "results": {
    "create_avg": 0.002546737314949278,
    "read_get": {
      "avg": 0.45352769399411047,
      "p95": 0.5022106999531388,
      "median": 0.46220319997519255,
      "min": 0.33832099998835474,
      "max": 0.566256899968721,
      "stdev": 0.041478342828432144,
      "throughput": 2.2049370154074563,
      "total_ops": 100
    },
    "read_filter": {
      "avg": 0.4576350330049172,
      "p95": 0.5306220999918878,
      "median": 0.47542329999851063,
      "min": 0.31672380003146827,
      "max": 0.549370100023225,
      "stdev": 0.05478776966114923,
      "throughput": 2.1851473944942827,
      "total_ops": 100
    },
    "read_by_slug": {
      "avg": 0.40364767899154685,
      "p95": 0.47046049998607486,
      "median": 0.40885680000064895,
      "min": 0.23594009992666543,
      "max": 0.5297082000179216,
      "stdev": 0.05546689223638998,
      "throughput": 2.477408026966363,
      "total_ops": 100
    },
    "read_by_status": {
      "avg": 0.3229027609922923,
      "p95": 0.452066499972716,
      "median": 0.3305129000218585,
      "min": 0.14882439991924912,
      "max": 0.4704821000341326,
      "stdev": 0.061147609559534154,
      "throughput": 3.0969075548532397,
      "total_ops": 100
    },
    "read_by_metadata_version": {
      "avg": 0.6073203449940775,
      "p95": 0.6790407999651507,
      "median": 0.6176438999827951,
      "min": 0.445286100031808,
      "max": 0.7032107999548316,
      "stdev": 0.05530273696195821,
      "throughput": 1.646577474709417,
      "total_ops": 100
    },
    "update_composite": {
      "avg": 1.0584847199975047,
      "p95": 1.154581099981442,
      "median": 1.0843418999575078,
      "min": 0.7838200000114739,
      "max": 1.2003762000240386,
      "stdev": 0.08861858878522658,
      "throughput": 0.9447467508103068,
      "total_ops": 100
    },
    "update_direct": {
      "avg": 0.6057923029991799,
      "p95": 0.6622403999790549,
      "median": 0.6235283000278287,
      "min": 0.44837150000967085,
      "max": 0.6843187999911606,
      "stdev": 0.05541568434613739,
      "throughput": 1.650730778600457,
      "total_ops": 100
    },
    "bulk_update": {
      "avg": 0.6673890759958886,
      "p95": 1.1386300000594929,
      "median": 0.6382382999872789,
      "min": 0.3652163998922333,
      "max": 1.2724138000048697,
      "stdev": 0.1968019924098652,
      "throughput": 1.4983763384316475,
      "total_ops": 100
    },
    "soft_delete": {
      "avg": 0.613762442007428,
      "p95": 0.6994959999574348,
      "median": 0.6212679999880493,
      "min": 0.45947060000617057,
      "max": 0.7394341999897733,
      "stdev": 0.06361785327248325,
      "throughput": 1.6292948729956622,
      "total_ops": 100
    },
    "hard_delete": {
      "avg": 0.5349217350012623,
      "p95": 0.5908885999815539,
      "median": 0.5452082499978133,
      "min": 0.41947079997044057,
      "max": 0.6288277000421658,
      "stdev": 0.04410321565047025,
      "throughput": 1.8694323572356621,
      "total_ops": 100
    }
  }
}