{
  "timestamp": "2026-02-15T13:51:09.847224+00:00",
  "dataset_size": 40000,
  "backend": "djongo",
  "connection_strategy": "persistent",
  "workers": 15,
  "results": {
    "create_avg": 0.0026014408997958524,
    "read_get": {
      "avg": 0.05827540699392557,
      "p95": 0.11557130003347993,
      "median": 0.05351689999224618,
      "min": 0.020965100033208728,
      "max": 0.14402310003060848,
      "stdev": 0.02507956092549986,
      "throughput": 17.15989731490398,
      "total_ops": 100
    },
    "read_filter": {
      "avg": 0.0636074030061718,
      "p95": 0.11658529995474964,
      "median": 0.056636599998455495,
      "min": 0.02393080003093928,
      "max": 0.155476100044325,
      "stdev": 0.028058800435821814,
      "throughput": 15.721440472942597,
      "total_ops": 100
    },
    "read_by_slug": {
      "avg": 0.10021716900751926,
      "p95": 0.16406079998705536,
      "median": 0.09362315002363175,
      "min": 0.03491419996134937,
      "max": 0.2234419999876991,
      "stdev": 0.03910794260034394,
      "throughput": 9.97833015942578,
      "total_ops": 100
    },
    "read_by_status": {
      "avg": 0.05889242700766772,
      "p95": 0.12491009989753366,
      "median": 0.047419400012586266,
      "min": 0.017334500094875693,
      "max": 0.19052440009545535,
      "stdev": 0.03483759320982882,
      "throughput": 16.980111888915722,
      "total_ops": 100
    },
    "read_by_metadata_version": {
      "avg": 0.13100005100364798,
      "p95": 0.22094350005500019,
      "median": 0.12007579999044538,
      "min": 0.05468469997867942,
      "max": 0.32654340006411076,
      "stdev": 0.05188125181522918,
      "throughput": 7.633584814193339,
      "total_ops": 100
    },
    "update_composite": {
      "avg": 0.17184116499847732,
      "p95": 0.2319358999375254,
      "median": 0.1724692500429228,
      "min": 0.08771979995071888,
      "max": 0.28487249999307096,
      "stdev": 0.0331006589861425,
      "throughput": 5.819327400444829,
      "total_ops": 100
    },
    "update_direct": {
      "avg": 0.10913612200296484,
      "p95": 0.148164700018242,
      "median": 0.11300400004256517,
      "min": 0.04011299996636808,
      "max": 0.18998679996002465,
      "stdev": 0.03213203366365926,
      "throughput": 9.162869100047677,
      "total_ops": 100
    },
    "bulk_update": {
      "avg": 0.13169078800012357,
      "p95": 0.31314330000896007,
      "median": 0.10404684999957681,
      "min": 0.04265069996472448,
      "max": 0.6207370000192896,
      "stdev": 0.08801759286049668,
      "throughput": 7.593545571304969,
      "total_ops": 100
    },
    "soft_delete": {
      "avg": 0.11492789300857112,
      "p95": 0.16204750002361834,
      "median": 0.12253729999065399,
      "min": 0.04575889999978244,
      "max": 0.1681897999951616,
      "stdev": 0.027960686720856404,
      "throughput": 8.701107919253525,
      "total_ops": 100
    }
  }
}