{
  "timestamp": "2026-02-16T12:23:47.332222+00:00",
  "dataset_size": 1,
  "backend": "djongo",
  "connection_strategy": "persistent",
  "workers": 15,
  "results": {
    "create_avg": 0.004869699943810701,
    "read_get": {
      "avg": 0.023637710005277767,
      "p95": 0.06640520005021244,
      "median": 0.017735400062520057,
      "min": 0.004408400040119886,
      "max": 0.11457970004994422,
      "stdev": 0.01936354849854616,
      "throughput": 42.30528252426832,
      "total_ops": 100
    },
    "read_filter": {
      "avg": 0.02145538399927318,
      "p95": 0.05696660000830889,
      "median": 0.01449299999512732,
      "min": 0.0038304999470710754,
      "max": 0.0820411000167951,
      "stdev": 0.016969796535616182,
      "throughput": 46.60834781767951,
      "total_ops": 100
    },
    "read_by_slug": {
      "avg": 0.07121222799178213,
      "p95": 0.14500000001862645,
      "median": 0.06277650000993162,
      "min": 0.010718400008045137,
      "max": 0.23436020000372082,
      "stdev": 0.041190203759864485,
      "throughput": 14.04253213528721,
      "total_ops": 100
    },
    "read_by_status": {
      "avg": 0.02706375100184232,
      "p95": 0.08245079999323934,
      "median": 0.02057744999183342,
      "min": 0.004570899996906519,
      "max": 0.11472409998532385,
      "stdev": 0.022058535895847605,
      "throughput": 36.94979309896572,
      "total_ops": 100
    },
    "update_composite": {
      "avg": 0.06764143600361422,
      "p95": 0.14658629999030381,
      "median": 0.05552664992865175,
      "min": 0.015808199997991323,
      "max": 0.21045989997219294,
      "stdev": 0.04199353554936812,
      "throughput": 14.78383752743759,
      "total_ops": 100
    },
    "update_direct": {
      "avg": 0.009061399011407047,
      "p95": 0.02330859994981438,
      "median": 0.0072887500282377005,
      "min": 0.0017203000606968999,
      "max": 0.04480430006515235,
      "stdev": 0.007163629675224036,
      "throughput": 110.3582348311931,
      "total_ops": 100
    },
    "bulk_update": {
      "avg": 0.010906747995177284,
      "p95": 0.025793700013309717,
      "median": 0.008838699955958873,
      "min": 0.0019606000278145075,
      "max": 0.03629629989154637,
      "stdev": 0.006954112913441011,
      "throughput": 91.68635788066042,
      "total_ops": 100
    },
    "soft_delete": {
      "avg": 0.008295819988707081,
      "p95": 0.021865200018510222,
      "median": 0.0061169000109657645,
      "min": 0.0013760000001639128,
      "max": 0.04499069997109473,
      "stdev": 0.007199748493963856,
      "throughput": 120.54263488856778,
      "total_ops": 100
    }
  }
}