{
  "timestamp": "2026-02-15T13:56:13.491518+00:00",
  "dataset_size": 140000,
  "backend": "djongo",
  "connection_strategy": "persistent",
  "workers": 15,
  "results": {
    "create_avg": 0.0025501282184975157,
    "read_get": {
      "avg": 0.296774018004071,
      "p95": 0.3648170999949798,
      "median": 0.30883659998653457,
      "min": 0.16452409990597516,
      "max": 0.40018839994445443,
      "stdev": 0.04921251124482659,
      "throughput": 3.369567210517339,
      "total_ops": 100
    },
    "read_filter": {
      "avg": 0.30854985800222495,
      "p95": 0.364814699976705,
      "median": 0.3247184500214644,
      "min": 0.16703829995822161,
      "max": 0.3948485000291839,
      "stdev": 0.051376254896252506,
      "throughput": 3.2409672993360736,
      "total_ops": 100
    },
    "read_by_slug": {
      "avg": 0.2546584800130222,
      "p95": 0.33612440002616495,
      "median": 0.24963739997474477,
      "min": 0.16977439995389432,
      "max": 0.3690180000849068,
      "stdev": 0.04545546639735321,
      "throughput": 3.9268278046302014,
      "total_ops": 100
    },
    "read_by_status": {
      "avg": 0.22134627800085582,
      "p95": 0.27101939998101443,
      "median": 0.22998910007299855,
      "min": 0.06967770005576313,
      "max": 0.34408750000875443,
      "stdev": 0.0452612561210035,
      "throughput": 4.5178080654066095,
      "total_ops": 100
    },
    "read_by_metadata_version": {
      "avg": 0.4257767640030943,
      "p95": 0.4988155000610277,
      "median": 0.4338202499784529,
      "min": 0.31035169993992895,
      "max": 0.5477470000041649,
      "stdev": 0.05157825295457821,
      "throughput": 2.3486485983831953,
      "total_ops": 100
    },
    "update_composite": {
      "avg": 0.7352469939971342,
      "p95": 0.8245636000065133,
      "median": 0.7508114500669762,
      "min": 0.515209500095807,
      "max": 0.8858653999632224,
      "stdev": 0.07109938331819174,
      "throughput": 1.3600871654891766,
      "total_ops": 100
    },
    "update_direct": {
      "avg": 0.41769263400929046,
      "p95": 0.47996199992485344,
      "median": 0.428758550027851,
      "min": 0.2977679999312386,
      "max": 0.5203320999862626,
      "stdev": 0.04272613009199338,
      "throughput": 2.3941049436312483,
      "total_ops": 100
    },
    "bulk_update": {
      "avg": 0.4317802660074085,
      "p95": 0.73207370005548,
      "median": 0.3901884499937296,
      "min": 0.22424240002874285,
      "max": 0.9035931000253186,
      "stdev": 0.1408788096090065,
      "throughput": 2.315992829516766,
      "total_ops": 100
    },
    "soft_delete": {
      "avg": 0.42316939299809747,
      "p95": 0.4683342999778688,
      "median": 0.4326502499752678,
      "min": 0.3305285000242293,
      "max": 0.5122001999989152,
      "stdev": 0.039333834347971025,
      "throughput": 2.3631198677086176,
      "total_ops": 100
    }
  }
}