{
  "djongo_benchmark_results": {
    "checkpoint_1": {
      "timestamp": "2026-02-15T13:49:15.936240+00:00",
      "dataset_size": 1,
      "backend": "djongo",
      "connection_strategy": "persistent",
      "workers": 15,
      "results": {
        "create_avg": 0.0046412000665441155,
        "read_get": {
          "avg": 0.0278508000029251,
          "p95": 0.07369630003813654,
          "median": 0.02012629999080673,
          "min": 0.0037683999398723245,
          "max": 0.10674910002853721,
          "stdev": 0.022253492501254774,
          "throughput": 35.90561132516741,
          "total_ops": 100
        },
        "read_filter": {
          "avg": 0.020721035001333803,
          "p95": 0.04721170000266284,
          "median": 0.017599749960936606,
          "min": 0.0036198999732732773,
          "max": 0.062412999919615686,
          "stdev": 0.013229849809515276,
          "throughput": 48.26013758171976,
          "total_ops": 100
        },
        "read_by_slug": {
          "avg": 0.04649685299606063,
          "p95": 0.10537360003218055,
          "median": 0.03987664997112006,
          "min": 0.011872599949128926,
          "max": 0.2087710000341758,
          "stdev": 0.02953396569913218,
          "throughput": 21.506831872787682,
          "total_ops": 100
        },
        "read_by_status": {
          "avg": 0.019700440997257828,
          "p95": 0.052333900006487966,
          "median": 0.014690399984829128,
          "min": 0.00348019995726645,
          "max": 0.07823960005771369,
          "stdev": 0.014343818652577563,
          "throughput": 50.760285017944184,
          "total_ops": 100
        },
        "read_by_metadata_version": {
          "avg": 0.050600565001368523,
          "p95": 0.13002949999645352,
          "median": 0.03868940001120791,
          "min": 0.011402999982237816,
          "max": 0.17025089997332543,
          "stdev": 0.03578175323628051,
          "throughput": 19.762625179638892,
          "total_ops": 100
        },
        "update_composite": {
          "avg": 0.04282760400208645,
          "p95": 0.10114789998624474,
          "median": 0.032607799977995455,
          "min": 0.010165700106881559,
          "max": 0.17729010002221912,
          "stdev": 0.02869255392707909,
          "throughput": 23.349426691049135,
          "total_ops": 100
        },
        "update_direct": {
          "avg": 0.005909462003037333,
          "p95": 0.014555900008417666,
          "median": 0.004671850008890033,
          "min": 0.0011412999592721462,
          "max": 0.0237960999365896,
          "stdev": 0.0039598824362046415,
          "throughput": 169.22014211886327,
          "total_ops": 100
        },
        "bulk_update": {
          "avg": 0.00818840799620375,
          "p95": 0.018622999894432724,
          "median": 0.006438499956857413,
          "min": 0.0012373999925330281,
          "max": 0.025316599989309907,
          "stdev": 0.005372679107120402,
          "throughput": 122.12386100736708,
          "total_ops": 100
        },
        "soft_delete": {
          "avg": 0.005885524995392188,
          "p95": 0.014945799950510263,
          "median": 0.0046451500384137034,
          "min": 0.0010913999285548925,
          "max": 0.027668199967592955,
          "stdev": 0.004453317420203546,
          "throughput": 169.90837704077475,
          "total_ops": 100
        }
      }
    },
    "checkpoint_40000": {
      "timestamp": "2026-02-15T13:51:09.847224+00:00",
      "dataset_size": 40000,
      "backend": "djongo",
      "connection_strategy": "persistent",
      "workers": 15,
      "results": {
        "create_avg": 0.0026014408997958524,
        "read_get": {
          "avg": 0.05827540699392557,
          "p95": 0.11557130003347993,
          "median": 0.05351689999224618,
          "min": 0.020965100033208728,
          "max": 0.14402310003060848,
          "stdev": 0.02507956092549986,
          "throughput": 17.15989731490398,
          "total_ops": 100
        },
        "read_filter": {
          "avg": 0.0636074030061718,
          "p95": 0.11658529995474964,
          "median": 0.056636599998455495,
          "min": 0.02393080003093928,
          "max": 0.155476100044325,
          "stdev": 0.028058800435821814,
          "throughput": 15.721440472942597,
          "total_ops": 100
        },
        "read_by_slug": {
          "avg": 0.10021716900751926,
          "p95": 0.16406079998705536,
          "median": 0.09362315002363175,
          "min": 0.03491419996134937,
          "max": 0.2234419999876991,
          "stdev": 0.03910794260034394,
          "throughput": 9.97833015942578,
          "total_ops": 100
        },
        "read_by_status": {
          "avg": 0.05889242700766772,
          "p95": 0.12491009989753366,
          "median": 0.047419400012586266,
          "min": 0.017334500094875693,
          "max": 0.19052440009545535,
          "stdev": 0.03483759320982882,
          "throughput": 16.980111888915722,
          "total_ops": 100
        },
        "read_by_metadata_version": {
          "avg": 0.13100005100364798,
          "p95": 0.22094350005500019,
          "median": 0.12007579999044538,
          "min": 0.05468469997867942,
          "max": 0.32654340006411076,
          "stdev": 0.05188125181522918,
          "throughput": 7.633584814193339,
          "total_ops": 100
        },
        "update_composite": {
          "avg": 0.17184116499847732,
          "p95": 0.2319358999375254,
          "median": 0.1724692500429228,
          "min": 0.08771979995071888,
          "max": 0.28487249999307096,
          "stdev": 0.0331006589861425,
          "throughput": 5.819327400444829,
          "total_ops": 100
        },
        "update_direct": {
          "avg": 0.10913612200296484,
          "p95": 0.148164700018242,
          "median": 0.11300400004256517,
          "min": 0.04011299996636808,
          "max": 0.18998679996002465,
          "stdev": 0.03213203366365926,
          "throughput": 9.162869100047677,
          "total_ops": 100
        },
        "bulk_update": {
          "avg": 0.13169078800012357,
          "p95": 0.31314330000896007,
          "median": 0.10404684999957681,
          "min": 0.04265069996472448,
          "max": 0.6207370000192896,
          "stdev": 0.08801759286049668,
          "throughput": 7.593545571304969,
          "total_ops": 100
        },
        "soft_delete": {
          "avg": 0.11492789300857112,
          "p95": 0.16204750002361834,
          "median": 0.12253729999065399,
          "min": 0.04575889999978244,
          "max": 0.1681897999951616,
          "stdev": 0.027960686720856404,
          "throughput": 8.701107919253525,
          "total_ops": 100
        }
      }
    },
    "checkpoint_100000": {
      "timestamp": "2026-02-15T13:54:03.392831+00:00",
      "dataset_size": 100000,
      "backend": "djongo",
      "connection_strategy": "persistent",
      "workers": 15,
      "results": {
        "create_avg": 0.002560542913911631,
        "read_get": {
          "avg": 0.20778610799461603,
          "p95": 0.26858949998859316,
          "median": 0.21795139997266233,
          "min": 0.09231269999872893,
          "max": 0.28987330000381917,
          "stdev": 0.044969025870539414,
          "throughput": 4.812641276412527,
          "total_ops": 100
        },
        "read_filter": {
          "avg": 0.2195591479993891,
          "p95": 0.26842070010025054,
          "median": 0.2326234999927692,
          "min": 0.10687719995621592,
          "max": 0.3099654000252485,
          "stdev": 0.04149490982993952,
          "throughput": 4.554581346812215,
          "total_ops": 100
        },
        "read_by_slug": {
          "avg": 0.176841353996424,
          "p95": 0.25577879999764264,
          "median": 0.17466095002600923,
          "min": 0.08771220000926405,
          "max": 0.27103019994683564,
          "stdev": 0.04146730101604992,