{
  "timestamp": "2026-02-15T13:54:03.392831+00:00",
  "dataset_size": 100000,
  "backend": "djongo",
  "connection_strategy": "persistent",
  "workers": 15,
  "results": {
    "create_avg": 0.002560542913911631,
    "read_get": {
      "avg": 0.20778610799461603,
      "p95": 0.26858949998859316,
      "median": 0.21795139997266233,
      "min": 0.09231269999872893,
      "max": 0.28987330000381917,
      "stdev": 0.044969025870539414,
      "throughput": 4.812641276412527,
      "total_ops": 100
    },
    "read_filter": {
      "avg": 0.2195591479993891,
      "p95": 0.26842070010025054,
      "median": 0.2326234999927692,
      "min": 0.10687719995621592,
      "max": 0.3099654000252485,
      "stdev": 0.04149490982993952,
      "throughput": 4.554581346812215,
      "total_ops": 100
    },
    "read_by_slug": {
      "avg": 0.176841353996424,
      "p95": 0.25577879999764264,
      "median": 0.17466095002600923,
      "min": 0.08771220000926405,
      "max": 0.27103019994683564,
      "stdev": 0.04146730101604992,
      "throughput": 5.6547859276186125,
      "total_ops": 100
    },
    "read_by_status": {
      "avg": 0.1374134889896959,
      "p95": 0.1987295999424532,
      "median": 0.15278339997166768,
      "min": 0.04326309997122735,
      "max": 0.25163630000315607,
      "stdev": 0.04597729561785748,
      "throughput": 7.277305942468181,
      "total_ops": 100
    },
    "read_by_metadata_version": {
      "avg": 0.29417096099117773,
      "p95": 0.35180549998767674,
      "median": 0.3116531000123359,
      "min": 0.19087269995361567,
      "max": 0.3765956999268383,
      "stdev": 0.047030959977375705,
      "throughput": 3.399383802638461,
      "total_ops": 100
    },
    "update_composite": {
      "avg": 0.5169785339955706,
      "p95": 0.6137617999920622,
      "median": 0.5436577000073157,
      "min": 0.27699109993409365,
      "max": 0.654128999914974,
      "stdev": 0.08357519520120289,
      "throughput": 1.9343162902167381,
      "total_ops": 100
    },
    "update_direct": {
      "avg": 0.30128495799843225,
      "p95": 0.3541229999391362,
      "median": 0.3071019999915734,
      "min": 0.21819699998013675,
      "max": 0.4137448000255972,
      "stdev": 0.03544454856513078,
      "throughput": 3.3191169139124552,
      "total_ops": 100
    },
    "bulk_update": {
      "avg": 0.33572234100080095,
      "p95": 0.5989053000230342,
      "median": 0.3119441500166431,
      "min": 0.1560715000377968,
      "max": 0.7284092000918463,
      "stdev": 0.12970058482691735,
      "throughput": 2.9786519330794676,
      "total_ops": 100
    },
    "soft_delete": {
      "avg": 0.3023961939942092,
      "p95": 0.35920070006977767,
      "median": 0.30552195000927895,
      "min": 0.20979199989233166,
      "max": 0.3917499999515712,
      "stdev": 0.033926951958882394,
      "throughput": 3.3069199277658563,
      "total_ops": 100
    }
  }
}